{
    "mAP_50": 0.6318124685771743,
    "mAP_50_95": 0.45530423298537326,
    "precision": 0.0033333333333333335,
    "recall": 1.0
}