{
    "mAP_50": 0.9505555555555555,
    "mAP_50_95": 0.7329362465811966,
    "precision": 0.0033333333333333335,
    "recall": 1.0
}